{
  "passive_cycles": 55156,
  "learned_patterns": 5317,
  "pattern_strength": 0.115229,
  "integration_level": 1.000000,
  "last_cycle_time": 1770491553251
}
